{
    "1": [
        16.52223, 
        106.45461999999999
    ], 
    "10": [
        7.4159999999999995, 
        70.90108
    ], 
    "11": [
        45.54042, 
        55.95578
    ], 
    "12": [
        21.78656, 
        37.25098
    ], 
    "13": [
        24.141139999999996, 
        7.4159999999999995
    ], 
    "2": [
        52.385799999999996, 
        111.60256
    ], 
    "3": [
        86.40464, 
        99.1066
    ], 
    "4": [
        98.22903999999998, 
        65.4874
    ], 
    "5": [
        112.5996, 
        35.63388
    ], 
    "6": [
        84.45794, 
        14.61879
    ], 
    "7": [
        73.66972, 
        41.45544
    ], 
    "8": [
        52.24778, 
        17.852990000000002
    ], 
    "9": [
        34.94172, 
        85.62596
    ]
}