{
    "original_positions": {
        "11": [
            273.2, 
            338.5
        ], 
        "10": [
            44.49, 
            428.91
        ], 
        "13": [
            144.82, 
            44.863
        ], 
        "12": [
            130.7, 
            225.35
        ], 
        "1": [
            99.121, 
            644.0
        ], 
        "3": [
            518.36, 
            599.54
        ], 
        "2": [
            314.27, 
            675.14
        ], 
        "5": [
            675.51, 
            215.57
        ], 
        "4": [
            589.29, 
            396.16
        ], 
        "7": [
            441.96, 
            250.78
        ], 
        "6": [
            506.67, 
            88.436
        ], 
        "9": [
            209.62, 
            517.99
        ], 
        "8": [
            313.45, 
            108.0
        ]
    }, 
    "feature": {
        "11": "none", 
        "10": "sensor", 
        "13": "exit", 
        "12": "sensor", 
        "1": "sensor", 
        "3": "sensor", 
        "2": "none", 
        "5": "sensor", 
        "4": "none", 
        "7": "sensor", 
        "6": "sensor", 
        "9": "sensor", 
        "8": "sensor"
    }, 
    "pixel_positions": {
        "11": [
            384.65818895621749, 
            474.83834661892115
        ], 
        "10": [
            72.34616369377828, 
            598.42713412493913
        ], 
        "13": [
            209.35051634377402, 
            73.442032086185918
        ], 
        "12": [
            190.06913032346165, 
            320.16440229521874
        ], 
        "1": [
            146.94682939318938, 
            892.45116138596552
        ], 
        "3": [
            719.43330203977132, 
            831.67516876880404
        ], 
        "2": [
            440.74080396005803, 
            935.01896188300555
        ], 
        "5": [
            934.02748143722806, 
            306.79532429711173
        ], 
        "4": [
            816.290859435009, 
            553.65849358935577
        ], 
        "7": [
            615.10625586754293, 
            354.92673905307777
        ], 
        "6": [
            703.47017154561752, 
            133.00551221006293
        ], 
        "9": [
            297.83733037466931, 
            720.19783638172566
        ], 
        "8": [
            439.62106341213627, 
            159.74913613183855
        ]
    }
}