{
    "original_positions": {
        "11": [
            273.2, 
            338.5
        ], 
        "10": [
            44.49, 
            428.91
        ], 
        "13": [
            144.82, 
            44.863
        ], 
        "12": [
            130.7, 
            225.35
        ], 
        "1": [
            99.121, 
            644.0
        ], 
        "3": [
            518.36, 
            599.54
        ], 
        "2": [
            314.27, 
            675.14
        ], 
        "5": [
            675.51, 
            215.57
        ], 
        "4": [
            589.29, 
            396.16
        ], 
        "7": [
            441.96, 
            250.78
        ], 
        "6": [
            506.67, 
            88.436
        ], 
        "9": [
            209.62, 
            517.99
        ], 
        "8": [
            313.45, 
            108.0
        ]
    }, 
    "feature": {
        "11": "none", 
        "10": "sensor", 
        "13": "exit", 
        "12": "sensor", 
        "1": "sensor", 
        "3": "sensor", 
        "2": "none", 
        "5": "sensor", 
        "4": "none", 
        "7": "sensor", 
        "6": "sensor", 
        "9": "sensor", 
        "8": "sensor"
    }, 
    "pixel_positions": {
        "11": [
            388.60914340986028, 
            482.00333401065365
        ], 
        "10": [
            63.284117094819493, 
            610.74165432942232
        ], 
        "13": [
            205.99698443856502, 
            63.882173039054514
        ], 
        "12": [
            185.91220733407297, 
            320.88464200679704
        ], 
        "1": [
            140.9931438650394, 
            917.0166827263248
        ], 
        "3": [
            737.33321953856216, 
            853.70835708344828
        ], 
        "2": [
            447.02853403886087, 
            961.35814157740822
        ], 
        "5": [
            960.86882307757958, 
            306.95851909210222
        ], 
        "4": [
            838.22650849193474, 
            564.10765377152302
        ], 
        "7": [
            628.65921310915758, 
            357.09540946290019
        ], 
        "6": [
            720.70495860715198, 
            125.92746483475973
        ], 
        "9": [
            298.17074905408094, 
            737.58613584690829
        ], 
        "8": [
            445.86213763477565, 
            153.78540641994266
        ]
    }
}