{
    "original_positions": {
        "11": [
            273.2, 
            338.5
        ], 
        "10": [
            44.49, 
            428.91
        ], 
        "13": [
            144.82, 
            44.863
        ], 
        "12": [
            130.7, 
            225.35
        ], 
        "1": [
            99.121, 
            644.0
        ], 
        "3": [
            518.36, 
            599.54
        ], 
        "2": [
            314.27, 
            675.14
        ], 
        "5": [
            675.51, 
            215.57
        ], 
        "4": [
            589.29, 
            396.16
        ], 
        "7": [
            441.96, 
            250.78
        ], 
        "6": [
            506.67, 
            88.436
        ], 
        "9": [
            209.62, 
            517.99
        ], 
        "8": [
            313.45, 
            108.0
        ]
    }, 
    "feature": {
        "11": "none", 
        "10": "sensor", 
        "13": "exit", 
        "12": "sensor", 
        "1": "sensor", 
        "3": "sensor", 
        "2": "none", 
        "5": "sensor", 
        "4": "none", 
        "7": "sensor", 
        "6": "sensor", 
        "9": "sensor", 
        "8": "sensor"
    }, 
    "pixel_positions": {
        "11": [
            400.68561349605983, 
            494.62327772804275
        ], 
        "10": [
            75.360587181019042, 
            623.36159804681154
        ], 
        "13": [
            218.07345452476457, 
            76.502116756443655
        ], 
        "12": [
            197.98867742027252, 
            333.50458572418614
        ], 
        "1": [
            153.06961395123892, 
            929.63662644371391
        ], 
        "3": [
            749.40968962476177, 
            866.3283008008375
        ], 
        "2": [
            459.10500412506042, 
            973.97808529479732
        ], 
        "5": [
            972.94529316377907, 
            319.57846280949133
        ], 
        "4": [
            850.30297857813423, 
            576.72759748891224
        ], 
        "7": [
            640.73568319535718, 
            369.7153531802893
        ], 
        "6": [
            732.78142869335147, 
            138.54740855214885
        ], 
        "9": [
            310.24721914028049, 
            750.20607956429751
        ], 
        "8": [
            457.9386077209752, 
            166.40535013733179
        ]
    }
}